{
    "Demand": {
        "Flow Rate (m3/h)": {
            "0": 0.0,
            "1": 1020.8734146665622,
            "2": 1928.3586585978167,
            "3": 2655.01109764528,
            "4": 3182.8679269303343
        }
    },
    "PS-1": {
        "Power Draw (kW)": {
            "0": 0.0,
            "1": 1552.2331537078246,
            "2": 3185.4513147352936,
            "3": 4593.397668438537,
            "4": 5917.645817261074
        },
        "Flow Rate (m3/h)": {
            "0": 0.0,
            "1": 1079.318520765979,
            "2": 1979.8239939653045,
            "3": 2639.7903610594312,
            "4": 3124.362800099208
        }
    },
    "PS-2": {
        "Power Draw (kW)": {
            "0": 0.0,
            "1": 2004.248524453885,
            "2": 4001.093876956315,
            "3": 5955.226609945194,
            "4": 7843.274020980755
        },
        "Flow Rate (m3/h)": {
            "0": 0.0,
            "1": 966.0496317379921,
            "2": 1907.9141646947282,
            "3": 2770.9369622831073,
            "4": 3548.2525427955943
        }
    },
    "PS-3": {
        "Power Draw (kW)": {
            "0": 0.0,
            "1": 1900.5528878652265,
            "2": 3901.363298904368,
            "3": 5641.242098959614,
            "4": 7541.794986824841
        },
        "Flow Rate (m3/h)": {
            "0": 0.0,
            "1": 920.484236614594,
            "2": 1822.6823378627537,
            "3": 2664.8942220358376,
            "4": 3460.6147854757382
        }
    },
    "PS-4": {
        "Power Draw (kW)": {
            "0": 0.0,
            "1": 2187.0127378743223,
            "2": 4276.126018428463,
            "3": 6205.281009953133,
            "4": 7933.51578805679
        },
        "Flow Rate (m3/h)": {
            "0": 0.0,
            "1": 1016.1887585688523,
            "2": 1918.8314256706847,
            "3": 2635.4114525227064,
            "4": 3164.9746940029368
        }
    }
}